<?xml version="1.0"?>
<!DOCTYPE hibernate-mapping PUBLIC
        "-//Hibernate/Hibernate Mapping DTD 3.0//EN"
        "http://hibernate.sourceforge.net/hibernate-mapping-3.0.dtd">
<hibernate-mapping>
	<class name="de.dis2013.data.Immobilie" abstract="true">
		<id name="id" column="id">
			<generator class="increment" />
		</id>
		<property name="ort" type="string" column="ort" />
		<property name="plz" type="integer" column="plz" />
		<property name="strasse" type="string" column="strasse" />
		<property name="hausnummer" type="string" column="hausnummer" />
		<property name="flaeche" type="integer" column="flaeche" />
		<many-to-one name="verwalter" class="de.dis2013.data.Makler" column="verwalter" not-null="true" />
		
		<union-subclass name="de.dis2013.data.Haus" table="haeuser">
			<property name="stockwerke" type="integer" column="stockwerke" />
			<property name="kaufpreis" type="integer" column="kaufpreis" />
			<property name="garten" type="boolean" column="garten" />
		</union-subclass>
	</class>
</hibernate-mapping>