<?xml version="1.0"?>
<!DOCTYPE hibernate-mapping PUBLIC
        "-//Hibernate/Hibernate Mapping DTD 3.0//EN"
        "http://hibernate.sourceforge.net/hibernate-mapping-3.0.dtd">
<hibernate-mapping>
	<class name="de.dis2013.data.Makler" table="makler">
		<id name="id" column="id">
			<generator class="native" />
		</id>
		<property name="name" type="string" column="name" />
		<property name="adresse" type="string" column="adresse" />
		<property name="login" type="string" column="login" />
		<property name="passwort" type="string" column="passwort" />
		
		<set name="immobilien" inverse="true">
			<key column="verwalter" />
			<one-to-many class="de.dis2013.data.Immobilie" />
		</set>
	</class>
</hibernate-mapping>